{"cameraMode":{"drawMode":0,"name":"Shaded","section":"Shading Mode"},"sceneLighting":true,"audioPlay":false,"sceneViewState":{"showFog":true,"showMaterialUpdate":false,"showSkybox":true,"showFlares":true,"showImageEffects":true,"showParticleSystems":true},"in2DMode":false,"pivot":{"x":-17.133769989013673,"y":1.149999976158142,"z":-5.37982177734375},"rotation":{"x":0.1733119934797287,"y":-0.8103187084197998,"z":0.295331746339798,"w":0.47552675008773806},"size":3.8628060817718508,"orthographic":false}