{"cameraMode":{"drawMode":0,"name":"Shaded","section":"Shading Mode"},"sceneLighting":false,"audioPlay":false,"sceneViewState":{"showFog":true,"showMaterialUpdate":false,"showSkybox":true,"showFlares":true,"showImageEffects":true,"showParticleSystems":true},"in2DMode":false,"pivot":{"x":0.8211824297904968,"y":6.693909168243408,"z":0.1048738956451416},"rotation":{"x":0.0014778352342545987,"y":-0.9950225353240967,"z":0.014927700161933899,"w":0.0985148474574089},"size":2.643152952194214,"orthographic":false}