{"cameraMode":{"drawMode":0,"name":"Shaded","section":"Shading Mode"},"sceneLighting":true,"audioPlay":false,"sceneViewState":{"showFog":true,"showMaterialUpdate":false,"showSkybox":true,"showFlares":true,"showImageEffects":true,"showParticleSystems":true},"in2DMode":false,"pivot":{"x":27.87322235107422,"y":11.13253402709961,"z":-22.530258178710939},"rotation":{"x":0.20508143305778504,"y":0.7439299821853638,"z":-0.2635788023471832,"w":0.578822910785675},"size":41.77466583251953,"orthographic":false}