{"cameraMode":{"drawMode":0,"name":"Shaded","section":"Shading Mode"},"sceneLighting":false,"audioPlay":false,"sceneViewState":{"showFog":true,"showMaterialUpdate":false,"showSkybox":true,"showFlares":true,"showImageEffects":true,"showParticleSystems":true},"in2DMode":false,"pivot":{"x":0.5,"y":0.4500000774860382,"z":0.5304999351501465},"rotation":{"x":-0.0623415932059288,"y":-0.8419554829597473,"z":0.09974498301744461,"w":-0.5265694856643677},"size":2.5354881286621095,"orthographic":true}