{"cameraMode":{"drawMode":0,"name":"Shaded","section":"Shading Mode"},"sceneLighting":true,"audioPlay":false,"sceneViewState":{"showFog":true,"showMaterialUpdate":false,"showSkybox":true,"showFlares":true,"showImageEffects":true,"showParticleSystems":true},"in2DMode":false,"pivot":{"x":20.22706413269043,"y":-5.35322380065918,"z":-0.8476681709289551},"rotation":{"x":-0.23506340384483338,"y":-0.5878921747207642,"z":0.18379051983356477,"w":-0.7518970370292664},"size":26.036561965942384,"orthographic":false}